declaration_id,rank,regulation_id,score
D0001,1,R0003,0.03278688524590164
D0001,2,R0002,0.03225806451612903
D0001,3,R0001,0.031746031746031744
D0001,4,R0226,0.023959827833572454
D0001,5,R0120,0.023514696685428396
D0001,6,R0119,0.02325858778625954
D0001,7,R0230,0.02309836718438869
D0001,8,R0181,0.022435897435897436
D0001,9,R0021,0.022291666666666668
D0001,10,R0035,0.022193768672641914
D0002,1,R0125,0.03278688524590164
D0002,2,R0072,0.03149801587301587
D0002,3,R0070,0.031009615384615385
D0002,4,R0071,0.02797339593114241
D0002,5,R0069,0.027799227799227798
D0002,6,R0124,0.027118043247075507
D0002,7,R0074,0.0266900790166813
D0002,8,R0068,0.02651914295749912
D0002,9,R0086,0.026356857985087564
D0002,10,R0077,0.026200135226504394
D0003,1,R0119,0.03278688524590164
D0003,2,R0118,0.03225806451612903
D0003,3,R0120,0.03149801587301587
D0003,4,R0131,0.028782894736842105
D0003,5,R0027,0.02862400327131466
D0003,6,R0026,0.02803921568627451
D0003,7,R0050,0.027884615384615386
D0003,8,R0084,0.026334026334026334
D0003,9,R0025,0.026279628993473032
D0003,10,R0121,0.025974025974025976
D0004,1,R0177,0.03252247488101534
D0004,2,R0173,0.031009615384615385
D0004,3,R0181,0.03055037313432836
D0004,4,R0182,0.030303030303030304
D0004,5,R0176,0.02928692699490662
D0004,6,R0180,0.02871794871794872
D0004,7,R0174,0.028404512489927477
D0004,8,R0167,0.02815814850530376
D0004,9,R0162,0.027912386121341344
D0004,10,R0188,0.027783137179239824
D0005,1,R0038,0.032266458495966696
D0005,2,R0280,0.03177805800756621
D0005,3,R0039,0.030834914611005692
D0005,4,R0091,0.03036576949620428
D0005,5,R0248,0.027745885954841176
D0005,6,R0246,0.027432808155699723
D0005,7,R0244,0.025849212924606464
D0005,8,R0281,0.024497309544038517
D0005,9,R0092,0.02318840579710145
D0005,10,R0224,0.022381756756756757
D0006,1,R0156,0.03278688524590164
D0006,2,R0348,0.03057889822595705
D0006,3,R0347,0.02904040404040404
D0006,4,R0350,0.027526395173453996
D0006,5,R0338,0.026992753623188405
D0006,6,R0229,0.026132699813337858
D0006,7,R0154,0.025779967159277502
D0006,8,R0351,0.023769338959212377
D0006,9,R0181,0.023709315375982042
D0006,10,R0230,0.023414503612523417
D0007,1,R0150,0.03252247488101534
D0007,2,R0148,0.03252247488101534
D0007,3,R0149,0.031746031746031744
D0007,4,R0142,0.03055037313432836
D0007,5,R0144,0.028594771241830064
D0007,6,R0223,0.028381642512077296
D0007,7,R0143,0.028169014084507043
D0007,8,R0225,0.0261986301369863
D0007,9,R0145,0.02582908163265306
D0007,10,R0147,0.02473040977713875
D0008,1,R0276,0.031054405392392875
D0008,2,R0253,0.03076923076923077
D0008,3,R0275,0.029551337359792925
D0008,4,R0247,0.02946236559139785
D0008,5,R0254,0.02904040404040404
D0008,6,R0251,0.02821939586645469
D0008,7,R0325,0.02782608695652174
D0008,8,R0298,0.027212143650499815
D0008,9,R0248,0.025306978137166813
D0008,10,R0326,0.02483719521429653
D0009,1,R0148,0.027118043247075507
D0009,2,R0147,0.02681010928961749
D0009,3,R0145,0.025974025974025976
D0009,4,R0146,0.025219941348973606
D0009,5,R0031,0.024085750315258513
D0009,6,R0149,0.02393162393162393
D0009,7,R0349,0.023137254901960787
D0009,8,R0142,0.022657450076804916
D0009,9,R0122,0.022642390289449112
D0009,10,R0032,0.02212634140944795
D0010,1,R0086,0.03278688524590164
D0010,2,R0087,0.03225806451612903
D0010,3,R0089,0.03125763125763126
D0010,4,R0085,0.03125763125763126
D0010,5,R0090,0.03125
D0010,6,R0088,0.029631255487269532
D0010,7,R0031,0.02668564312399929
D0010,8,R0224,0.02667140825035562
D0010,9,R0217,0.026120660599932594
D0010,10,R0032,0.02546333601933924
D0011,1,R0081,0.03278688524590164
D0011,2,R0080,0.03200204813108039
D0011,3,R0079,0.03200204813108039
D0011,4,R0044,0.02749719416386083
D0011,5,R0265,0.026263297872340427
D0011,6,R0045,0.026153846153846153
D0011,7,R0216,0.025893752088205813
D0011,8,R0033,0.025816993464052286
D0011,9,R0219,0.025516795865633074
D0011,10,R0043,0.023859191655801824
D0012,1,R0134,0.03278688524590164
D0012,2,R0133,0.03225806451612903
D0012,3,R0135,0.031746031746031744
D0012,4,R0348,0.029709507042253523
D0012,5,R0347,0.027972027972027972
D0012,6,R0232,0.026687875574407917
D0012,7,R0233,0.02651914295749912
D0012,8,R0265,0.02625418060200669
D0012,9,R0148,0.026171741361614778
D0012,10,R0197,0.025232198142414862
D0013,1,R0121,0.03252247488101534
D0013,2,R0122,0.03149801587301587
D0013,3,R0123,0.0304147465437788
D0013,4,R0118,0.030158730158730156
D0013,5,R0119,0.02821939586645469
D0013,6,R0120,0.025252525252525252
D0013,7,R0191,0.025035205758097326
D0013,8,R0071,0.024127906976744187
D0013,9,R0072,0.02368937482478273
D0013,10,R0083,0.02266081871345029
D0014,1,R0127,0.031754032258064516
D0014,2,R0128,0.029957522915269395
D0014,3,R0219,0.027031740495291244
D0014,4,R0221,0.026153846153846153
D0014,5,R0222,0.026013513513513515
D0014,6,R0181,0.02523465148484382
D0014,7,R0083,0.025
D0014,8,R0218,0.0248015873015873
D0014,9,R0228,0.02474972191323693
D0014,10,R0193,0.024127906976744187
D0015,1,R0050,0.03278688524590164
D0015,2,R0031,0.03200204813108039
D0015,3,R0032,0.029827662395050816
D0015,4,R0033,0.029709507042253523
D0015,5,R0086,0.02904040404040404
D0015,6,R0089,0.0288981288981289
D0015,7,R0068,0.028612012987012988
D0015,8,R0069,0.027730294396961064
D0015,9,R0072,0.027313266443701224
D0015,10,R0085,0.027236652236652236
D0016,1,R0216,0.031754032258064516
D0016,2,R0219,0.029571646010002173
D0016,3,R0215,0.0288981288981289
D0016,4,R0230,0.0287391216352965
D0016,5,R0229,0.028373015873015873
D0016,6,R0214,0.025451688923802042
D0016,7,R0228,0.024722804914593947
D0016,8,R0226,0.02459016393442623
D0016,9,R0082,0.02441077441077441
D0016,10,R0246,0.024146905725853096
D0017,1,R0090,0.03278688524590164
D0017,2,R0088,0.03225806451612903
D0017,3,R0089,0.031746031746031744
D0017,4,R0086,0.03125
D0017,5,R0087,0.030309988518943745
D0017,6,R0255,0.027884615384615386
D0017,7,R0254,0.026709401709401708
D0017,8,R0325,0.025460793502030614
D0017,9,R0218,0.025252525252525256
D0017,10,R0327,0.025195618153364633
D0018,1,R0301,0.03278688524590164
D0018,2,R0302,0.03225806451612903
D0018,3,R0288,0.031746031746031744
D0018,4,R0287,0.028258706467661692
D0018,5,R0295,0.027425373134328357
D0018,6,R0303,0.02738970588235294
D0018,7,R0272,0.02690100430416069
D0018,8,R0273,0.026878868258178604
D0018,9,R0294,0.026838432635534086
D0018,10,R0293,0.026785714285714288
D0019,1,R0031,0.03252247488101534
D0019,2,R0032,0.032266458495966696
D0019,3,R0033,0.03200204813108039
D0019,4,R0026,0.029910714285714284
D0019,5,R0027,0.029877369007803793
D0019,6,R0025,0.02904040404040404
D0019,7,R0218,0.026333907056798625
D0019,8,R0072,0.024687641125997292
D0019,9,R0029,0.024184149184149184
D0019,10,R0070,0.024152480721664482
D0020,1,R0296,0.03252247488101534
D0020,2,R0297,0.032266458495966696
D0020,3,R0298,0.03149801587301587
D0020,4,R0295,0.030834914611005692
D0020,5,R0299,0.030117753623188408
D0020,6,R0291,0.02967032967032967
D0020,7,R0289,0.02964426877470356
D0020,8,R0292,0.029273504273504274
D0020,9,R0293,0.029236022193768675
D0020,10,R0294,0.029211087420042643
D0021,1,R0337,0.031754032258064516
D0021,2,R0335,0.03131881575727918
D0021,3,R0336,0.031024531024531024
D0021,4,R0338,0.030834914611005692
D0021,5,R0339,0.029138513513513514
D0021,6,R0295,0.028991596638655463
D0021,7,R0273,0.027071520029266508
D0021,8,R0271,0.02638888888888889
D0021,9,R0181,0.026190476190476188
D0021,10,R0182,0.025856389986824768
D0022,1,R0250,0.03278688524590164
D0022,2,R0252,0.0315136476426799
D0022,3,R0249,0.03128054740957967
D0022,4,R0251,0.029910714285714284
D0022,5,R0248,0.02976190476190476
D0022,6,R0282,0.029571646010002173
D0022,7,R0240,0.02900988017658188
D0022,8,R0246,0.028850145288501453
D0022,9,R0245,0.028577260665441927
D0022,10,R0244,0.02821939586645469
D0023,1,R0310,0.032266458495966696
D0023,2,R0311,0.032266458495966696
D0023,3,R0312,0.03225806451612903
D0023,4,R0327,0.030776515151515152
D0023,5,R0273,0.028083267871170464
D0023,6,R0325,0.02782608695652174
D0023,7,R0272,0.027529761904761904
D0023,8,R0263,0.027149321266968326
D0023,9,R0326,0.027051561365286855
D0023,10,R0323,0.02702702702702703
D0024,1,R0091,0.03278688524590164
D0024,2,R0031,0.031009615384615385
D0024,3,R0033,0.028991596638655463
D0024,4,R0092,0.02878726010616578
D0024,5,R0072,0.028169014084507043
D0024,6,R0216,0.02565284178187404
D0024,7,R0217,0.025478740668614087
D0024,8,R0032,0.025047327799621377
D0024,9,R0122,0.02488202488202488
D0024,10,R0215,0.024593763724198508
D0025,1,R0046,0.03278688524590164
D0025,2,R0047,0.0315136476426799
D0025,3,R0048,0.02832415420928403
D0025,4,R0042,0.02821869488536155
D0025,5,R0041,0.027119252873563218
D0025,6,R0040,0.0266900790166813
D0025,7,R0054,0.026289682539682536
D0025,8,R0215,0.025989268947015427
D0025,9,R0072,0.025396825396825397
D0025,10,R0214,0.024593763724198508
D0026,1,R0185,0.03252247488101534
D0026,2,R0186,0.03252247488101534
D0026,3,R0177,0.03125763125763126
D0026,4,R0175,0.03125763125763126
D0026,5,R0176,0.03125
D0026,6,R0192,0.029857397504456328
D0026,7,R0184,0.026144907723855092
D0026,8,R0128,0.02474946856969329
D0026,9,R0170,0.024108138238573024
D0026,10,R0169,0.023859649122807018
D0027,1,R0115,0.03278688524590164
D0027,2,R0122,0.030117753623188408
D0027,3,R0093,0.027108970929195647
D0027,4,R0121,0.026856524873828405
D0027,5,R0096,0.02547482665058788
D0027,6,R0106,0.025
D0027,7,R0347,0.02472929470295581
D0027,8,R0212,0.023709315375982042
D0027,9,R0031,0.023135271807838177
D0027,10,R0211,0.022833419823559936
D0028,1,R0028,0.03278688524590164
D0028,2,R0029,0.03225806451612903
D0028,3,R0026,0.031746031746031744
D0028,4,R0025,0.03076923076923077
D0028,5,R0027,0.030117753623188408
D0028,6,R0072,0.029850746268656716
D0028,7,R0030,0.02919863597612958
D0028,8,R0070,0.02904040404040404
D0028,9,R0071,0.027673192771084338
D0028,10,R0069,0.026190476190476188
D0029,1,R0266,0.03252247488101534
D0029,2,R0265,0.03252247488101534
D0029,3,R0267,0.02542892156862745
D0029,4,R0174,0.025093353248693055
D0029,5,R0182,0.023796791443850267
D0029,6,R0169,0.02375
D0029,7,R0082,0.023157894736842106
D0029,8,R0162,0.022394282310899342
D0029,9,R0181,0.02142857142857143
D0029,10,R0164,0.02119856887298748
D0030,1,R0341,0.03278688524590164
D0030,2,R0340,0.03200204813108039
D0030,3,R0342,0.031754032258064516
D0030,4,R0343,0.03149801587301587
D0030,5,R0344,0.029850746268656716
D0030,6,R0186,0.025679012345679014
D0030,7,R0011,0.025252525252525252
D0030,8,R0193,0.021627308861351415
D0030,9,R0185,0.021572002294893863
D0030,10,R0259,0.021159420289855072
D0031,1,R0260,0.03278688524590164
D0031,2,R0250,0.030330882352941176
D0031,3,R0252,0.02736498731424429
D0031,4,R0251,0.026754075124025514
D0031,5,R0263,0.026742734890354787
D0031,6,R0324,0.026397515527950312
D0031,7,R0323,0.02638888888888889
D0031,8,R0322,0.02557875991581674
D0031,9,R0247,0.02505896226415094
D0031,10,R0246,0.02393162393162393
D0032,1,R0019,0.03252247488101534
D0032,2,R0024,0.032266458495966696
D0032,3,R0021,0.031054405392392875
D0032,4,R0025,0.028258706467661692
D0032,5,R0016,0.027417840375586856
D0032,6,R0027,0.027364110201042444
D0032,7,R0069,0.027313266443701224
D0032,8,R0064,0.02702702702702703
D0032,9,R0026,0.026515151515151516
D0032,10,R0068,0.026333907056798625
D0033,1,R0216,0.03252247488101534
D0033,2,R0215,0.03252247488101534
D0033,3,R0214,0.031746031746031744
D0033,4,R0220,0.031009615384615385
D0033,5,R0222,0.029877369007803793
D0033,6,R0221,0.029857397504456328
D0033,7,R0219,0.027673192771084338
D0033,8,R0217,0.02712049508554787
D0033,9,R0193,0.027106227106227107
D0033,10,R0218,0.026021080368906456
D0034,1,R0319,0.03225806451612903
D0034,2,R0318,0.03125763125763126
D0034,3,R0316,0.030776515151515152
D0034,4,R0317,0.03028233151183971
D0034,5,R0273,0.02938045560996381
D0034,6,R0312,0.0293236301369863
D0034,7,R0311,0.028790389395194696
D0034,8,R0320,0.028309409888357256
D0034,9,R0271,0.027583600982429624
D0034,10,R0321,0.027432808155699723
D0035,1,R0142,0.03252247488101534
D0035,2,R0143,0.031544957774465976
D0035,3,R0144,0.030158730158730156
D0035,4,R0026,0.02649122807017544
D0035,5,R0054,0.026419626007891578
D0035,6,R0025,0.025478740668614087
D0035,7,R0078,0.02487789987789988
D0035,8,R0072,0.024610822831727205
D0035,9,R0027,0.02454819277108434
D0035,10,R0069,0.024414620217018845
D0036,1,R0326,0.03278688524590164
D0036,2,R0325,0.03225806451612903
D0036,3,R0324,0.03125763125763126
D0036,4,R0322,0.031009615384615385
D0036,5,R0323,0.030303030303030304
D0036,6,R0327,0.029206349206349208
D0036,7,R0248,0.027912386121341344
D0036,8,R0246,0.02715098147128967
D0036,9,R0321,0.026553280111072546
D0036,10,R0280,0.02651914295749912
D0037,1,R0132,0.03252247488101534
D0037,2,R0213,0.031009615384615385
D0037,3,R0212,0.029273504273504274
D0037,4,R0211,0.029236022193768675
D0037,5,R0097,0.026830135039090264
D0037,6,R0068,0.026767330130404943
D0037,7,R0026,0.026500526500526502
D0037,8,R0082,0.025793650793650792
D0037,9,R0069,0.02558175373709354
D0037,10,R0054,0.025396825396825397
D0038,1,R0169,0.03278688524590164
D0038,2,R0170,0.03225806451612903
D0038,3,R0171,0.031746031746031744
D0038,4,R0163,0.02964426877470356
D0038,5,R0162,0.02946912242686891
D0038,6,R0173,0.028283227848101264
D0038,7,R0167,0.028006267136701922
D0038,8,R0161,0.027972027972027972
D0038,9,R0160,0.027692895339954164
D0038,10,R0182,0.027692895339954164
D0039,1,R0247,0.03028233151183971
D0039,2,R0249,0.0293236301369863
D0039,3,R0248,0.02928692699490662
D0039,4,R0316,0.029206349206349208
D0039,5,R0320,0.029051670471052088
D0039,6,R0246,0.028693528693528692
D0039,7,R0323,0.028404512489927477
D0039,8,R0243,0.028381642512077296
D0039,9,R0242,0.028370221327967807
D0039,10,R0313,0.0277569392348087
D0040,1,R0127,0.03278688524590164
D0040,2,R0128,0.03200204813108039
D0040,3,R0026,0.0264808362369338
D0040,4,R0169,0.0259915611814346
D0040,5,R0167,0.025856389986824768
D0040,6,R0025,0.025516795865633074
D0040,7,R0163,0.02523809523809524
D0040,8,R0168,0.02501516070345664
D0040,9,R0121,0.024695121951219513
D0040,10,R0054,0.024393624393624393
D0041,1,R0157,0.031544957774465976
D0041,2,R0264,0.030621785881252923
D0041,3,R0158,0.03021353930031804
D0041,4,R0332,0.027500922849760058
D0041,5,R0156,0.026500526500526502
D0041,6,R0356,0.0251661918328585
D0041,7,R0300,0.02438307873090482
D0041,8,R0297,0.024267458370982316
D0041,9,R0333,0.023821721311475412
D0041,10,R0296,0.023376937984496124
D0042,1,R0350,0.03278688524590164
D0042,2,R0348,0.031754032258064516
D0042,3,R0349,0.0315136476426799
D0042,4,R0351,0.030776515151515152
D0042,5,R0347,0.030536130536130537
D0042,6,R0093,0.02792120864410021
D0042,7,R0154,0.026984126984126985
D0042,8,R0265,0.025694893341952164
D0042,9,R0156,0.02408450704225352
D0042,10,R0229,0.023527793065492568
D0043,1,R0308,0.03278688524590164
D0043,2,R0228,0.028991596638655463
D0043,3,R0222,0.028814262023217248
D0043,4,R0221,0.02821939586645469
D0043,5,R0309,0.02749266862170088
D0043,6,R0247,0.026151315789473682
D0043,7,R0220,0.024562989752863168
D0043,8,R0304,0.024481265860576206
D0043,9,R0226,0.023690078037904124
D0043,10,R0225,0.023143796992481203
D0044,1,R0009,0.032266458495966696
D0044,2,R0008,0.031754032258064516
D0044,3,R0011,0.031099324975891997
D0044,4,R0012,0.031054405392392875
D0044,5,R0010,0.029877369007803793
D0044,6,R0007,0.02967032967032967
D0044,7,R0006,0.027673192771084338
D0044,8,R0005,0.025774005972025775
D0044,9,R0054,0.024489795918367346
D0044,10,R0030,0.024222968043192763
D0045,1,R0113,0.03278688524590164
D0045,2,R0101,0.02821939586645469
D0045,3,R0297,0.02664576802507837
D0045,4,R0104,0.0260840108401084
D0045,5,R0122,0.02603002235707442
D0045,6,R0217,0.024722804914593947
D0045,7,R0031,0.024497309544038517
D0045,8,R0296,0.02427116752685172
D0045,9,R0086,0.024137478682933228
D0045,10,R0347,0.023994452149791956
D0046,1,R0316,0.03009207275993712
D0046,2,R0319,0.029850746268656716
D0046,3,R0242,0.02813852813852814
D0046,4,R0317,0.027972027972027972
D0046,5,R0247,0.0277569392348087
D0046,6,R0248,0.027579737335834898
D0046,7,R0318,0.027529761904761904
D0046,8,R0246,0.027529761904761904
D0046,9,R0243,0.027443609022556388
D0046,10,R0314,0.02736726874657909
D0047,1,R0253,0.03252247488101534
D0047,2,R0254,0.03252247488101534
D0047,3,R0090,0.030536130536130537
D0047,4,R0255,0.02844551282051282
D0047,5,R0247,0.02694394213381555
D0047,6,R0088,0.02607709750566893
D0047,7,R0298,0.025816993464052286
D0047,8,R0256,0.025383141762452106
D0047,9,R0257,0.025278219395866455
D0047,10,R0089,0.02507351803126451
D0048,1,R0242,0.03128054740957967
D0048,2,R0273,0.029726775956284153
D0048,3,R0243,0.029551337359792925
D0048,4,R0271,0.028373015873015873
D0048,5,R0241,0.027271052146674038
D0048,6,R0249,0.02625745950554135
D0048,7,R0247,0.026171741361614778
D0048,8,R0252,0.025481764612199396
D0048,9,R0323,0.025396825396825397
D0048,10,R0255,0.02488425925925926
D0049,1,R0026,0.027051561365286855
D0049,2,R0015,0.02681010928961749
D0049,3,R0072,0.02512945476698142
D0049,4,R0025,0.024934585193166076
D0049,5,R0148,0.024527186761229315
D0049,6,R0069,0.024386724386724387
D0049,7,R0351,0.024146905725853096
D0049,8,R0027,0.02402745995423341
D0049,9,R0070,0.023642611683848798
D0049,10,R0340,0.023346828609986506
D0050,1,R0190,0.03278688524590164
D0050,2,R0169,0.028373015873015873
D0050,3,R0241,0.02712049508554787
D0050,4,R0242,0.02625745950554135
D0050,5,R0170,0.026129032258064518
D0050,6,R0243,0.025232198142414862
D0050,7,R0082,0.0240053050397878
D0050,8,R0327,0.023237179487179488
D0050,9,R0174,0.023215244229736982
D0050,10,R0249,0.022833419823559936
D0051,1,R0271,0.03278688524590164
D0051,2,R0273,0.03225806451612903
D0051,3,R0272,0.031746031746031744
D0051,4,R0279,0.030117753623188408
D0051,5,R0325,0.029236022193768675
D0051,6,R0242,0.028612012987012988
D0051,7,R0243,0.02854251012145749
D0051,8,R0323,0.027313266443701224
D0051,9,R0320,0.026137303556658397
D0051,10,R0245,0.025678061306371368
D0052,1,R0352,0.03278688524590164
D0052,2,R0219,0.029411764705882353
D0052,3,R0268,0.029273504273504274
D0052,4,R0218,0.026279628993473032
D0052,5,R0192,0.02582908163265306
D0052,6,R0220,0.023527793065492568
D0052,7,R0162,0.02346002621231979
D0052,8,R0221,0.023113443278360818
D0052,9,R0354,0.02282608695652174
D0052,10,R0222,0.022760290556900726
D0053,1,R0237,0.032018442622950824
D0053,2,R0235,0.0315136476426799
D0053,3,R0234,0.03128054740957967
D0053,4,R0236,0.030798389007344232
D0053,5,R0233,0.03036576949620428
D0053,6,R0232,0.03028233151183971
D0053,7,R0225,0.02871794871794872
D0053,8,R0223,0.026860955056179775
D0053,9,R0222,0.02668564312399929
D0053,10,R0221,0.02667140825035562
D0054,1,R0202,0.03278688524590164
D0054,2,R0203,0.03225806451612903
D0054,3,R0204,0.031746031746031744
D0054,4,R0068,0.02797067901234568
D0054,5,R0069,0.026878868258178604
D0054,6,R0149,0.026736111111111113
D0054,7,R0150,0.026137303556658397
D0054,8,R0208,0.024934585193166076
D0054,9,R0221,0.02393018018018018
D0054,10,R0222,0.023799640237996404
D0055,1,R0257,0.032266458495966696
D0055,2,R0256,0.031754032258064516
D0055,3,R0128,0.02803379416282642
D0055,4,R0344,0.027252906976744186
D0055,5,R0255,0.02690501986276634
D0055,6,R0127,0.026021080368906456
D0055,7,R0183,0.025677830940988834
D0055,8,R0253,0.024321266968325792
D0055,9,R0259,0.02423417290673928
D0055,10,R0254,0.024201491487266073
D0056,1,R0172,0.03278688524590164
D0056,2,R0174,0.03225806451612903
D0056,3,R0173,0.031746031746031744
D0056,4,R0169,0.028850145288501453
D0056,5,R0180,0.027984344422700584
D0056,6,R0179,0.02797339593114241
D0056,7,R0182,0.027912386121341344
D0056,8,R0170,0.02661401098901099
D0056,9,R0177,0.026013513513513515
D0056,10,R0171,0.025384615384615387
D0057,1,R0224,0.03278688524590164
D0057,2,R0223,0.03225806451612903
D0057,3,R0225,0.03149801587301587
D0057,4,R0227,0.03149801587301587
D0057,5,R0216,0.03076923076923077
D0057,6,R0226,0.029857397504456328
D0057,7,R0215,0.02964426877470356
D0057,8,R0220,0.028381642512077296
D0057,9,R0219,0.027745885954841176
D0057,10,R0214,0.026830135039090264
D0058,1,R0306,0.03252247488101534
D0058,2,R0304,0.032266458495966696
D0058,3,R0305,0.03200204813108039
D0058,4,R0325,0.027529761904761904
D0058,5,R0326,0.02702702702702703
D0058,6,R0327,0.02668564312399929
D0058,7,R0182,0.02528560548362529
D0058,8,R0168,0.023799640237996404
D0058,9,R0167,0.023361976369495163
D0058,10,R0261,0.023294723294723294
D0059,1,R0138,0.03278688524590164
D0059,2,R0139,0.031746031746031744
D0059,3,R0136,0.0315136476426799
D0059,4,R0141,0.03128054740957967
D0059,5,R0140,0.031009615384615385
D0059,6,R0137,0.030776515151515152
D0059,7,R0221,0.026687875574407917
D0059,8,R0222,0.02638888888888889
D0059,9,R0355,0.02523465148484382
D0059,10,R0193,0.024691358024691357
D0060,1,R0167,0.032266458495966696
D0060,2,R0166,0.03225806451612903
D0060,3,R0168,0.031544957774465976
D0060,4,R0162,0.03149801587301587
D0060,5,R0160,0.030776515151515152
D0060,6,R0161,0.03076923076923077
D0060,7,R0182,0.029850746268656716
D0060,8,R0181,0.02919863597612958
D0060,9,R0169,0.028370221327967807
D0060,10,R0170,0.02819138376017471
D0061,1,R0232,0.03278688524590164
D0061,2,R0233,0.03225806451612903
D0061,3,R0234,0.031746031746031744
D0061,4,R0340,0.027884615384615386
D0061,5,R0237,0.026860955056179775
D0061,6,R0072,0.025794938351719664
D0061,7,R0162,0.025448143405889884
D0061,8,R0195,0.025098039215686277
D0061,9,R0026,0.024909420289855072
D0061,10,R0220,0.024089635854341734
D0062,1,R0055,0.032018442622950824
D0062,2,R0024,0.031024531024531024
D0062,3,R0021,0.028629032258064516
D0062,4,R0023,0.028283227848101264
D0062,5,R0019,0.02792120864410021
D0062,6,R0069,0.027692895339954164
D0062,7,R0065,0.027443609022556388
D0062,8,R0054,0.026262626262626265
D0062,9,R0002,0.026137303556658397
D0062,10,R0072,0.025383141762452106
D0063,1,R0343,0.03278688524590164
D0063,2,R0344,0.03200204813108039
D0063,3,R0345,0.03125763125763126
D0063,4,R0340,0.025625000000000002
D0063,5,R0220,0.025326537113730486
D0063,6,R0214,0.0246415770609319
D0063,7,R0215,0.02389418290428104
D0063,8,R0232,0.02340153452685422
D0063,9,R0268,0.023222251377591183
D0063,10,R0341,0.02292537313432836
D0064,1,R0178,0.03278688524590164
D0064,2,R0179,0.03225806451612903
D0064,3,R0180,0.031746031746031744
D0064,4,R0173,0.030536130536130537
D0064,5,R0182,0.02900988017658188
D0064,6,R0186,0.02758751902587519
D0064,7,R0181,0.027051561365286855
D0064,8,R0143,0.025603864734299518
D0064,9,R0184,0.0251414204902577
D0064,10,R0144,0.02420289855072464
D0065,1,R0139,0.03278688524590164
D0065,2,R0141,0.031754032258064516
D0065,3,R0138,0.031754032258064516
D0065,4,R0140,0.031746031746031744
D0065,5,R0137,0.03076923076923077
D0065,6,R0136,0.030303030303030304
D0065,7,R0069,0.027071520029266508
D0065,8,R0065,0.0264808362369338
D0065,9,R0072,0.025326537113730486
D0065,10,R0194,0.025252525252525252
D0066,1,R0012,0.03252247488101534
D0066,2,R0011,0.032266458495966696
D0066,3,R0009,0.027500922849760058
D0066,4,R0027,0.02690501986276634
D0066,5,R0026,0.02668564312399929
D0066,6,R0024,0.026547116736990152
D0066,7,R0069,0.02548562548562549
D0066,8,R0008,0.02533373786407767
D0066,9,R0068,0.024242424242424242
D0066,10,R0025,0.023863636363636365
D0067,1,R0026,0.03252247488101534
D0067,2,R0025,0.032266458495966696
D0067,3,R0027,0.03200204813108039
D0067,4,R0069,0.027799227799227798
D0067,5,R0030,0.027402402402402402
D0067,6,R0031,0.02719970792259949
D0067,7,R0072,0.026988636363636364
D0067,8,R0029,0.026856524873828405
D0067,9,R0086,0.02662057044079516
D0067,10,R0032,0.0261986301369863
D0068,1,R0097,0.03278688524590164
D0068,2,R0098,0.03200204813108039
D0068,3,R0229,0.030536130536130537
D0068,4,R0213,0.026279628993473032
D0068,5,R0216,0.026263297872340427
D0068,6,R0212,0.02625745950554135
D0068,7,R0211,0.02606951871657754
D0068,8,R0031,0.0259915611814346
D0068,9,R0099,0.024676040805073064
D0068,10,R0219,0.024448419797257006
D0069,1,R0016,0.03278688524590164
D0069,2,R0018,0.02964426877470356
D0069,3,R0026,0.026470588235294117
D0069,4,R0069,0.026151315789473682
D0069,5,R0347,0.025932953826691967
D0069,6,R0068,0.025588697017268444
D0069,7,R0072,0.025563671006668783
D0069,8,R0078,0.025448143405889884
D0069,9,R0027,0.02519288301054952
D0069,10,R0232,0.024868705591597158
D0070,1,R0105,0.032018442622950824
D0070,2,R0102,0.0315136476426799
D0070,3,R0104,0.03028233151183971
D0070,4,R0031,0.030090497737556562
D0070,5,R0093,0.029571646010002173
D0070,6,R0131,0.02900988017658188
D0070,7,R0033,0.027212143650499815
D0070,8,R0107,0.026881720430107527
D0070,9,R0086,0.026333907056798625
D0070,10,R0072,0.02632034632034632
D0071,1,R0279,0.03278688524590164
D0071,2,R0277,0.03200204813108039
D0071,3,R0272,0.0315136476426799
D0071,4,R0278,0.030303030303030304
D0071,5,R0273,0.0293236301369863
D0071,6,R0271,0.02854251012145749
D0071,7,R0182,0.024634009009009007
D0071,8,R0242,0.02428613482484545
D0071,9,R0281,0.023994452149791956
D0071,10,R0127,0.023809523809523808
D0072,1,R0042,0.03278688524590164
D0072,2,R0040,0.03225806451612903
D0072,3,R0048,0.030798389007344232
D0072,4,R0043,0.028991596638655463
D0072,5,R0041,0.02844551282051282
D0072,6,R0026,0.027783137179239824
D0072,7,R0072,0.027637721755368813
D0072,8,R0046,0.027149321266968326
D0072,9,R0070,0.026779422128259338
D0072,10,R0078,0.026709401709401708
D0073,1,R0220,0.03278688524590164
D0073,2,R0222,0.03200204813108039
D0073,3,R0221,0.03200204813108039
D0073,4,R0216,0.03125
D0073,5,R0215,0.03076923076923077
D0073,6,R0214,0.030303030303030304
D0073,7,R0217,0.025481764612199396
D0073,8,R0228,0.024827586206896554
D0073,9,R0223,0.02390271176963936
D0073,10,R0219,0.02292537313432836
D0074,1,R0295,0.03278688524590164
D0074,2,R0297,0.03225806451612903
D0074,3,R0296,0.031746031746031744
D0074,4,R0299,0.031009615384615385
D0074,5,R0294,0.03055037313432836
D0074,6,R0292,0.030309988518943745
D0074,7,R0300,0.029857397504456328
D0074,8,R0291,0.02919863597612958
D0074,9,R0293,0.02904040404040404
D0074,10,R0298,0.028370221327967807
D0075,1,R0244,0.032266458495966696
D0075,2,R0245,0.030621785881252923
D0075,3,R0323,0.03007688828584351
D0075,4,R0242,0.02964426877470356
D0075,5,R0320,0.029386529386529386
D0075,6,R0316,0.0293236301369863
D0075,7,R0246,0.02928692699490662
D0075,8,R0248,0.02921395544346364
D0075,9,R0243,0.028790389395194696
D0075,10,R0249,0.028125
D0076,1,R0114,0.030886196246139225
D0076,2,R0347,0.03021353930031804
D0076,3,R0348,0.029631255487269532
D0076,4,R0093,0.028958333333333336
D0076,5,R0096,0.026754075124025514
D0076,6,R0297,0.02674825174825175
D0076,7,R0296,0.026387470207694927
D0076,8,R0031,0.026022913256955812
D0076,9,R0086,0.02565270188221008
D0076,10,R0122,0.025481764612199396
D0077,1,R0067,0.03252247488101534
D0077,2,R0068,0.03252247488101534
D0077,3,R0069,0.031746031746031744
D0077,4,R0073,0.025989268947015427
D0077,5,R0167,0.025677830940988834
D0077,6,R0168,0.025528455284552845
D0077,7,R0166,0.0250384024577573
D0077,8,R0077,0.02454080096356519
D0077,9,R0090,0.024396929824561403
D0077,10,R0054,0.024393624393624393
D0078,1,R0072,0.03278688524590164
D0078,2,R0070,0.03225806451612903
D0078,3,R0071,0.03125763125763126
D0078,4,R0078,0.031024531024531024
D0078,5,R0077,0.031009615384615385
D0078,6,R0076,0.030776515151515152
D0078,7,R0026,0.027526395173453996
D0078,8,R0027,0.026992753623188405
D0078,9,R0025,0.026973565905412694
D0078,10,R0029,0.026547116736990152
D0079,1,R0193,0.03278688524590164
D0079,2,R0239,0.030117753623188408
D0079,3,R0194,0.02832415420928403
D0079,4,R0148,0.027893738140417457
D0079,5,R0266,0.026262626262626265
D0079,6,R0187,0.025978407557354925
D0079,7,R0189,0.025206087507926443
D0079,8,R0135,0.0251821349382325
D0079,9,R0195,0.024493705528188286
D0079,10,R0299,0.02378987898789879
D0080,1,R0211,0.03252247488101534
D0080,2,R0212,0.03252247488101534
D0080,3,R0213,0.031746031746031744
D0080,4,R0031,0.030309988518943745
D0080,5,R0216,0.02900988017658188
D0080,6,R0033,0.028283227848101264
D0080,7,R0217,0.028006267136701922
D0080,8,R0069,0.027692895339954164
D0080,9,R0086,0.02758751902587519
D0080,10,R0068,0.027056277056277056
D0081,1,R0319,0.0315136476426799
D0081,2,R0316,0.031024531024531024
D0081,3,R0317,0.03009207275993712
D0081,4,R0273,0.02938045560996381
D0081,5,R0318,0.029138513513513514
D0081,6,R0271,0.028629032258064516
D0081,7,R0321,0.028205128205128206
D0081,8,R0272,0.028068137824235385
D0081,9,R0320,0.027912386121341344
D0081,10,R0279,0.027745885954841176
D0082,1,R0182,0.03252247488101534
D0082,2,R0183,0.032266458495966696
D0082,3,R0181,0.03200204813108039
D0082,4,R0276,0.02674825174825175
D0082,5,R0185,0.026171741361614778
D0082,6,R0168,0.02523465148484382
D0082,7,R0083,0.023376937984496124
D0082,8,R0305,0.023343766301512782
D0082,9,R0167,0.02224751655629139
D0082,10,R0166,0.022141372141372143
D0083,1,R0328,0.03252247488101534
D0083,2,R0326,0.031024531024531024
D0083,3,R0327,0.030090497737556562
D0083,4,R0325,0.0293236301369863
D0083,5,R0329,0.02878726010616578
D0083,6,R0088,0.028068137824235385
D0083,7,R0280,0.027205882352941177
D0083,8,R0260,0.024056467876692595
D0083,9,R0248,0.023709315375982042
D0083,10,R0246,0.02368937482478273
D0084,1,R0109,0.03278688524590164
D0084,2,R0111,0.027583600982429624
D0084,3,R0031,0.027149321266968326
D0084,4,R0110,0.024568195354377605
D0084,5,R0093,0.02442002442002442
D0084,6,R0072,0.024266201685556526
D0084,7,R0167,0.024056467876692595
D0084,8,R0219,0.023985497141263423
D0084,9,R0032,0.02381289865343728
D0084,10,R0077,0.02371967654986523
D0085,1,R0272,0.032018442622950824
D0085,2,R0270,0.028484848484848488
D0085,3,R0269,0.028370221327967807
D0085,4,R0279,0.02819138376017471
D0085,5,R0277,0.027526395173453996
D0085,6,R0268,0.02728937728937729
D0085,7,R0182,0.02623004235907462
D0085,8,R0259,0.025252525252525252
D0085,9,R0237,0.024185517143263623
D0085,10,R0263,0.024039829302987197
D0086,1,R0023,0.03278688524590164
D0086,2,R0024,0.03225806451612903
D0086,3,R0022,0.031009615384615385
D0086,4,R0026,0.029437229437229435
D0086,5,R0032,0.027673192771084338
D0086,6,R0031,0.027637721755368813
D0086,7,R0025,0.02728937728937729
D0086,8,R0027,0.026709401709401708
D0086,9,R0069,0.026397515527950312
D0086,10,R0072,0.026120660599932594
D0087,1,R0059,0.03278688524590164
D0087,2,R0063,0.03225806451612903
D0087,3,R0060,0.03125763125763126
D0087,4,R0061,0.03125
D0087,5,R0058,0.031024531024531024
D0087,6,R0062,0.030536130536130537
D0087,7,R0074,0.028577260665441927
D0087,8,R0077,0.027526395173453996
D0087,9,R0078,0.027425373134328357
D0087,10,R0076,0.02694394213381555
D0088,1,R0218,0.03252247488101534
D0088,2,R0217,0.03252247488101534
D0088,3,R0219,0.031746031746031744
D0088,4,R0220,0.030536130536130537
D0088,5,R0221,0.029513888888888888
D0088,6,R0222,0.02946912242686891
D0088,7,R0086,0.02638888888888889
D0088,8,R0225,0.02564102564102564
D0088,9,R0348,0.025396825396825397
D0088,10,R0167,0.024540757749712976
D0089,1,R0283,0.032018442622950824
D0089,2,R0284,0.0315136476426799
D0089,3,R0294,0.02938045560996381
D0089,4,R0293,0.02928692699490662
D0089,5,R0292,0.029206349206349208
D0089,6,R0286,0.028790389395194696
D0089,7,R0301,0.02871794871794872
D0089,8,R0285,0.02821869488536155
D0089,9,R0297,0.02664576802507837
D0089,10,R0303,0.02661064425770308
D0090,1,R0162,0.03278688524590164
D0090,2,R0161,0.03200204813108039
D0090,3,R0160,0.03200204813108039
D0090,4,R0182,0.03055037313432836
D0090,5,R0167,0.030330882352941176
D0090,6,R0166,0.03007688828584351
D0090,7,R0170,0.028985507246376812
D0090,8,R0171,0.028790389395194696
D0090,9,R0169,0.02857142857142857
D0090,10,R0181,0.02701252236135957
D0091,1,R0292,0.031544957774465976
D0091,2,R0297,0.031099324975891997
D0091,3,R0293,0.031054405392392875
D0091,4,R0290,0.031054405392392875
D0091,5,R0291,0.031009615384615385
D0091,6,R0289,0.031009615384615385
D0091,7,R0294,0.03057889822595705
D0091,8,R0296,0.03036576949620428
D0091,9,R0299,0.029437229437229435
D0091,10,R0295,0.02877846790890269
D0092,1,R0295,0.03177805800756621
D0092,2,R0335,0.031099324975891997
D0092,3,R0337,0.031054405392392875
D0092,4,R0336,0.031024531024531024
D0092,5,R0271,0.031024531024531024
D0092,6,R0338,0.030017921146953404
D0092,7,R0273,0.02821939586645469
D0092,8,R0339,0.026263297872340427
D0092,9,R0182,0.025645240835114255
D0092,10,R0343,0.024809741248097414
D0093,1,R0073,0.03252247488101534
D0093,2,R0074,0.032266458495966696
D0093,3,R0075,0.03200204813108039
D0093,4,R0077,0.031009615384615385
D0093,5,R0078,0.030776515151515152
D0093,6,R0076,0.030536130536130537
D0093,7,R0026,0.02877846790890269
D0093,8,R0068,0.028083267871170464
D0093,9,R0027,0.027984344422700584
D0093,10,R0025,0.027598020555767037
D0094,1,R0005,0.03278688524590164
D0094,2,R0006,0.03225806451612903
D0094,3,R0004,0.031746031746031744
D0094,4,R0009,0.030776515151515152
D0094,5,R0012,0.029877369007803793
D0094,6,R0068,0.027777777777777776
D0094,7,R0008,0.027149321266968326
D0094,8,R0072,0.026973565905412694
D0094,9,R0069,0.02667140825035562
D0094,10,R0011,0.026263297872340427
D0095,1,R0289,0.03177805800756621
D0095,2,R0291,0.03149801587301587
D0095,3,R0290,0.03128054740957967
D0095,4,R0292,0.030886196246139225
D0095,5,R0293,0.030834914611005692
D0095,6,R0294,0.030798389007344232
D0095,7,R0299,0.03055037313432836
D0095,8,R0300,0.029273504273504274
D0095,9,R0298,0.029236022193768675
D0095,10,R0297,0.028594771241830064
D0096,1,R0101,0.03278688524590164
D0096,2,R0100,0.031754032258064516
D0096,3,R0104,0.03149801587301587
D0096,4,R0230,0.02904040404040404
D0096,5,R0113,0.028083267871170464
D0096,6,R0031,0.027106227106227107
D0096,7,R0026,0.026631393298059962
D0096,8,R0027,0.026356857985087564
D0096,9,R0025,0.025794938351719664
D0096,10,R0216,0.025320462098433298
D0097,1,R0332,0.03225806451612903
D0097,2,R0331,0.030886196246139225
D0097,3,R0259,0.030776515151515152
D0097,4,R0251,0.029850746268656716
D0097,5,R0264,0.028991596638655463
D0097,6,R0157,0.028309409888357256
D0097,7,R0338,0.026754075124025514
D0097,8,R0253,0.02667140825035562
D0097,9,R0240,0.026356857985087564
D0097,10,R0333,0.02558175373709354
D0098,1,R0322,0.03177805800756621
D0098,2,R0323,0.03149801587301587
D0098,3,R0324,0.0304147465437788
D0098,4,R0273,0.029051670471052088
D0098,5,R0271,0.026992753623188405
D0098,6,R0090,0.026470588235294117
D0098,7,R0320,0.025910931174089068
D0098,8,R0327,0.025478740668614087
D0098,9,R0089,0.02523809523809524
D0098,10,R0316,0.02490996398559424
D0099,1,R0052,0.032018442622950824
D0099,2,R0054,0.030834914611005692
D0099,3,R0051,0.030776515151515152
D0099,4,R0090,0.029877369007803793
D0099,5,R0089,0.02938045560996381
D0099,6,R0069,0.028790389395194696
D0099,7,R0168,0.028373015873015873
D0099,8,R0053,0.026289682539682536
D0099,9,R0068,0.025807525807525808
D0099,10,R0167,0.025353016688061617
D0100,1,R0280,0.03278688524590164
D0100,2,R0248,0.03200204813108039
D0100,3,R0246,0.03149801587301587
D0100,4,R0244,0.031009615384615385
D0100,5,R0281,0.030834914611005692
D0100,6,R0320,0.028850145288501453
D0100,7,R0249,0.028577260665441927
D0100,8,R0318,0.02821939586645469
D0100,9,R0323,0.027650648360030512
D0100,10,R0319,0.02761904761904762
D0101,1,R0065,0.03252247488101534
D0101,2,R0131,0.029211087420042643
D0101,3,R0024,0.029138513513513514
D0101,4,R0054,0.028612012987012988
D0101,5,R0052,0.02804284323271665
D0101,6,R0072,0.027692895339954164
D0101,7,R0064,0.026881720430107527
D0101,8,R0071,0.026515151515151516
D0101,9,R0048,0.02564935064935065
D0101,10,R0090,0.024963924963924963
D0102,1,R0355,0.03278688524590164
D0102,2,R0357,0.03200204813108039
D0102,3,R0356,0.029631255487269532
D0102,4,R0156,0.026625704045058884
D0102,5,R0265,0.026494565217391304
D0102,6,R0154,0.025893752088205813
D0102,7,R0155,0.025478740668614087
D0102,8,R0351,0.0250384024577573
D0102,9,R0148,0.024305555555555552
D0102,10,R0314,0.0223457597558317
D0103,1,R0059,0.03278688524590164
D0103,2,R0063,0.03225806451612903
D0103,3,R0058,0.03125763125763126
D0103,4,R0060,0.03125763125763126
D0103,5,R0061,0.03125
D0103,6,R0062,0.030303030303030304
D0103,7,R0074,0.028790389395194696
D0103,8,R0078,0.027425373134328357
D0103,9,R0077,0.027106227106227107
D0103,10,R0076,0.026547116736990152
D0104,1,R0263,0.03252247488101534
D0104,2,R0260,0.031009615384615385
D0104,3,R0259,0.03021353930031804
D0104,4,R0252,0.024137478682933228
D0104,5,R0327,0.02307489451476793
D0104,6,R0121,0.022677311118824484
D0104,7,R0178,0.021862924547488307
D0104,8,R0325,0.021708683473389355
D0104,9,R0251,0.02147295321637427
D0104,10,R0294,0.021241830065359478
D0105,1,R0210,0.03252247488101534
D0105,2,R0208,0.032266458495966696
D0105,3,R0209,0.031754032258064516
D0105,4,R0149,0.031024531024531024
D0105,5,R0145,0.028958333333333336
D0105,6,R0150,0.028814262023217248
D0105,7,R0203,0.027809742999616416
D0105,8,R0204,0.027432808155699723
D0105,9,R0146,0.02701252236135957
D0105,10,R0214,0.026875901875901876
D0106,1,R0205,0.03278688524590164
D0106,2,R0194,0.031009615384615385
D0106,3,R0201,0.02976190476190476
D0106,4,R0199,0.02964254577157803
D0106,5,R0207,0.029030910609857977
D0106,6,R0232,0.027730294396961064
D0106,7,R0233,0.02690100430416069
D0106,8,R0340,0.02571241401899771
D0106,9,R0065,0.025603864734299518
D0106,10,R0072,0.024634110998406025
D0107,1,R0163,0.03252247488101534
D0107,2,R0169,0.03125763125763126
D0107,3,R0164,0.03125763125763126
D0107,4,R0182,0.030679156908665108
D0107,5,R0170,0.030621785881252923
D0107,6,R0181,0.029236022193768675
D0107,7,R0162,0.028790389395194696
D0107,8,R0160,0.028258706467661692
D0107,9,R0161,0.02813852813852814
D0107,10,R0165,0.027820121951219513
D0108,1,R0152,0.03252247488101534
D0108,2,R0153,0.03252247488101534
D0108,3,R0142,0.030330882352941176
D0108,4,R0145,0.03007688828584351
D0108,5,R0143,0.02964426877470356
D0108,6,R0146,0.028814262023217248
D0108,7,R0193,0.02667140825035562
D0108,8,R0147,0.024652147610405323
D0108,9,R0234,0.023537414965986395
D0108,10,R0170,0.022399203583872575
D0109,1,R0043,0.032018442622950824
D0109,2,R0044,0.027972027972027972
D0109,3,R0064,0.02792120864410021
D0109,4,R0048,0.027912386121341344
D0109,5,R0045,0.02736498731424429
D0109,6,R0069,0.0260840108401084
D0109,7,R0068,0.026013513513513515
D0109,8,R0130,0.025676937441643323
D0109,9,R0215,0.025320462098433298
D0109,10,R0067,0.02445795875198308
D0110,1,R0346,0.032266458495966696
D0110,2,R0348,0.032266458495966696
D0110,3,R0347,0.03225806451612903
D0110,4,R0294,0.026916221033868093
D0110,5,R0292,0.026754075124025514
D0110,6,R0293,0.025989268947015427
D0110,7,R0264,0.0253441802252816
D0110,8,R0351,0.02399425287356322
D0110,9,R0169,0.0239010989010989
D0110,10,R0218,0.023258904837852208
D0111,1,R0201,0.03278688524590164
D0111,2,R0199,0.03225806451612903
D0111,3,R0216,0.03149801587301587
D0111,4,R0200,0.03057889822595705
D0111,5,R0214,0.029083245521601686
D0111,6,R0215,0.02844551282051282
D0111,7,R0217,0.027242401779095628
D0111,8,R0223,0.026973565905412694
D0111,9,R0086,0.026500526500526502
D0111,10,R0348,0.026171741361614778
D0112,1,R0034,0.03252247488101534
D0112,2,R0035,0.03252247488101534
D0112,3,R0011,0.031009615384615385
D0112,4,R0012,0.029910714285714284
D0112,5,R0078,0.026553280111072546
D0112,6,R0128,0.025989268947015427
D0112,7,R0077,0.025098039215686277
D0112,8,R0069,0.024827586206896554
D0112,9,R0030,0.024185517143263623
D0112,10,R0036,0.023565323565323565
D0113,1,R0286,0.03278688524590164
D0113,2,R0283,0.03225806451612903
D0113,3,R0287,0.031746031746031744
D0113,4,R0281,0.029709507042253523
D0113,5,R0284,0.02964426877470356
D0113,6,R0285,0.028283227848101264
D0113,7,R0248,0.025603864734299518
D0113,8,R0244,0.02512945476698142
D0113,9,R0246,0.025007766387076732
D0113,10,R0245,0.02456928838951311
D0114,1,R0051,0.030776515151515152
D0114,2,R0069,0.02804284323271665
D0114,3,R0358,0.027629397679130595
D0114,4,R0193,0.025057603686635944
D0114,5,R0347,0.025014132278123234
D0114,6,R0068,0.024963924963924963
D0114,7,R0191,0.024489795918367346
D0114,8,R0082,0.02299154334038055
D0114,9,R0332,0.02297979797979798
D0114,10,R0348,0.021445221445221447
D0115,1,R0082,0.032018442622950824
D0115,2,R0083,0.02967032967032967
D0115,3,R0030,0.02921395544346364
D0115,4,R0068,0.028531243721117136
D0115,5,R0029,0.028373015873015873
D0115,6,R0028,0.02832415420928403
D0115,7,R0084,0.028177225029148854
D0115,8,R0069,0.026988636363636364
D0115,9,R0074,0.024527186761229315
D0115,10,R0054,0.02390271176963936
D0116,1,R0220,0.028594771241830064
D0116,2,R0217,0.028083267871170464
D0116,3,R0230,0.02782608695652174
D0116,4,R0086,0.026262626262626265
D0116,5,R0202,0.025388291517323774
D0116,6,R0216,0.02474972191323693
D0116,7,R0085,0.024568668046928914
D0116,8,R0087,0.024553571428571428
D0116,9,R0208,0.02454819277108434
D0116,10,R0100,0.024320652173913042
D0117,1,R0189,0.032018442622950824
D0117,2,R0188,0.03200204813108039
D0117,3,R0187,0.03128054740957967
D0117,4,R0177,0.030536130536130537
D0117,5,R0176,0.02821939586645469
D0117,6,R0181,0.027984344422700584
D0117,7,R0173,0.02797339593114241
D0117,8,R0175,0.027425373134328357
D0117,9,R0171,0.027364110201042444
D0117,10,R0169,0.026838432635534086
D0118,1,R0197,0.03252247488101534
D0118,2,R0196,0.03252247488101534
D0118,3,R0198,0.029437229437229435
D0118,4,R0181,0.025794938351719664
D0118,5,R0240,0.025625000000000002
D0118,6,R0271,0.02535559678416821
D0118,7,R0103,0.025353016688061617
D0118,8,R0131,0.024706420619185605
D0118,9,R0348,0.024003097173828883
D0118,10,R0169,0.023634453781512604
D0119,1,R0226,0.03278688524590164
D0119,2,R0227,0.03225806451612903
D0119,3,R0228,0.031746031746031744
D0119,4,R0219,0.03125
D0119,5,R0218,0.030090497737556562
D0119,6,R0224,0.029877369007803793
D0119,7,R0217,0.029857397504456328
D0119,8,R0223,0.029211087420042643
D0119,9,R0225,0.028665028665028666
D0119,10,R0234,0.027783137179239824
D0120,1,R0078,0.03278688524590164
D0120,2,R0076,0.03200204813108039
D0120,3,R0077,0.03200204813108039
D0120,4,R0074,0.03125
D0120,5,R0073,0.03076923076923077
D0120,6,R0075,0.030303030303030304
D0120,7,R0027,0.028381642512077296
D0120,8,R0026,0.028370221327967807
D0120,9,R0029,0.02821939586645469
D0120,10,R0072,0.027650648360030512
